Data,Instituto,Lula,Flavio Bolsonaro,Augusto Cury,Ronaldo Caiado,Renan Santos,Romeu Zema,Brancos_Nulos,Indecisos,Rejeicao_Lula,Rejeicao_Flavio,Aprovacao_Governo,Desaprovacao_Governo
2026-06-12,Quaest,44.5,41.5,4.0,4.0,2.0,1.0,2.0,1.0,44.5,44.0,37.5,42.0
2026-07-20,Ipec,45.0,42.0,4.0,3.5,2.5,1.0,1.5,0.5,44.0,45.5,39.0,40.5
2026-08-15,Datafolha,45.5,42.5,3.5,3.5,2.5,0.5,1.5,0.5,43.5,46.0,39.5,40.0
2026-09-02,Quaest,46.0,43.0,3.5,3.0,3.0,0.5,0.5,0.5,43.0,47.0,40.0,39.5
2026-09-15,Parana Pesquisas,45.5,44.0,3.0,3.5,2.5,0.5,0.5,0.5,44.5,45.0,38.5,41.0
2026-09-25,Datafolha,46.0,43.5,3.5,3.5,2.0,0.5,0.5,0.5,44.0,46.5,39.0,41.0
2026-10-01,Ipec,46.5,44.0,3.0,3.0,2.5,0.5,0.5,0.0,43.5,46.0,39.5,40.0
2026-10-03,Quaest,46.0,45.0,3.0,3.0,2.0,1.0,1.0,1.0,44.0,45.5,39.0,41.0
2026-10-03,Datafolha,45.0,42.0,4.0,3.0,2.0,1.0,2.0,1.0,45.0,46.0,38.0,42.0
2026-10-03,CNT/MDA,47.8,42.1,3.0,3.0,2.0,1.0,1.0,0.1,43.0,47.0,39.5,40.5
2026-10-03,PoderData,42.0,41.0,4.0,4.0,3.0,1.0,3.0,2.0,46.0,45.0,37.0,43.0
2026-10-03,Palver,44.0,47.0,3.0,3.0,2.0,0.0,1.0,0.0,47.0,43.0,36.0,44.0
2026-10-03,AtlasIntel,43.5,44.5,4.0,3.0,2.0,1.0,1.0,1.0,46.0,45.0,37.0,42.0
2026-10-03,Futura,42.0,43.0,3.0,3.0,2.0,1.0,3.0,3.0,45.0,46.0,38.0,41.0
